.net/.net_developer
.net/microsoft.net
.net_core/asp.net_core
1c/1c8/1с/1с_8/1с8/программист_1с
2d,3d/2d_3d
2g,3g/2g_3g
3ds_max/3d_max
active_directory/activedirectory/ad
adobe_after_effects/adobe_after
adobe_illustrator/illustrator
after_effects/adobe_after_effects
agile,scrum/agile_scrum
agile/agile_methodology/agile_methodologies/гибких_методологий/гибкие_методологии/гибкими_методологиями/гибким_методологиям/agile-практикам/agile-практики/agile-практика/agile-методологий
airflow/apache_airflow
amocrm/amo_crm
android_ndk/ndk
angular,angular2/angular2+/angular2/angular_2+
angular,react/angular_react
angularjs/angular_js
apache,nginx/apache_nginx
api/apis
app_store/appstore
ar,vr/ar_vr
artificial_intelligence/ai
asp.net/asp
automated_testing/automated_tests
aws/amazon_aws
bachelor_degree/bachelors_degree
backlog/product_backlog
bash,python/bash_python
basic/visual_basic/vb/vbs/vb.net/vbscript/vba
big_data/bigdata
bitrix24/bitrix/cms_bitrix/1c-bitrix/битрикс24/битрикс_24
bootstrap/twitter_bootstrap
business_analyst/business_analysts
business_intelligence/bi
c#,.net/c#.net
c#,.net/c#_.net
c#,.net|c#_.net/.net_c#
c#,asp.net/c#_asp.net
c#/c_#/с#/с_#
c++/c++11
c++/c_++
c++/с++
c,c++/c_c++
camunda/camunda_bpm
chrome/chromium
код_ревью/code_review/code-review/code_reviews/codereview/код-ревью
кофе/coffee/free_coffee
com,dcom/com_dcom
continuous_delivery/cd
continuous_integration,continuous_delivery/ci_cd
continuous_integration/ci
continuously_improvement/continuously_improve
cordova/apache_cordova
corel_draw/coreldraw
css/css2
cvs,svn/cvs_svn
dagger/dagger2
data_scientist/data_scientists
debian,ubuntu/debian_ubuntu
debug/debugging
debugging/отладки/debug
dell,emc/dell_emc
delphi/borland_delphi
dependency_injection/di
django/django_orm
django/python_django
dlp/dlp_system
docker,kubernetes/docker_kubernetes
docker,swarm/docker_swarm
docker-compose/docker_compose
drupal/cms_drupal
dwh,bi/dwh_bi
dwh/data_warehouse
dwh/data_warehousing
e-commerce/ecommerce
ec2/amazon_ec2
ecmascript/es5/es6/es7/es5_es6/es6+/ecmascript_6/es6_es7/javascript_es6+/javascript_es6
elasticsearch/elastic_search
elk/elk_stack
ember/emberjs
занятия_по_английскому/english_classes/english_courses/english_lessons
оплачиваемый_отпуск/paid_vacation
entity_framework/entityframework
ext_js/extjs
facebook/fb
feedback/provide_feedback
firewall/firewalls
flash/macromedia_flash/adobe_flash
forefront/forefront_tmg
фреймворки/framework/frameworks
фронтэнд/frontend/фронтенд/front-end/front_end
frontend_developer/front-end_developer
full-stack/full_stack/fullstack
games/game
gaming/online_gaming
git,mercurial/git_mercurial
git,svn/git_svn
gitflow/git-flow
gitflow/git_flow
github,bitbucket/github_bitbucket
github,bitbucket/github_bitbucket
git/системой_контроля_версий_git/система_контроля_версий_git
go/golang
google_adwords/adwords/google_ads
google_analytics/ga
google_analytics/google_analitics
google_tag/gtm
grunt,gulp/grunt_gulp/gulp_grunt
gsm,umts/gsm_umts
hadoop/apache_hadoop
hana/sap_hana
healthcare/medical_care
help_desk/help-desk/helpdesk
high_availability/highly_available
highload/high-load/high_load
html,css/html+css
html,css/html_css
html,dhtml/html_dhtml
html,xhtml/html_xhtml
html/html4
html5,css3/html5_css3
http,https/http_https
http/http_protocol
hyper-v/hyperv
ibm/websphere
ibm_db2/db2
idea/intellij_idea
indesign/adobe_indesign
instagram/инстаграм
intel/intel_corporation
intermediate/intermediate_level
ios,android/ios_android
ip,mpls/ip_mpls
iphone,ipad/iphone_ipad
ips,ids/ips_ids
itil,itsm/itil_itsm
java/java8
java/java_developer
java_j2ee/j2ee/javaee/jee
java_se/j2se
javascript,ajax/javascript_ajax
javascript,jquery/js_jquery
javascript/java-script/js/java_script
jenkins,teamcity/jenkins_teamcity
jira,confluence/jira_confluence
jira/atlassian_jira/jira_redmine
joomla/cms_joomla
jpa,hibernate/jpa_hibernate
jquery/javascript_jquery
js,angular/js_angular
json,xml/json_xml
junior,middle/junior_middle
kafka/apache_kafka
kitchen/kitchens
knockoutjs/knockout
kpi/kpis
kubernetes/k8s/kubernates
l2,l3/l2_l3
lan,wan/lan_wan
landing_page/landing_pages
linux,freebsd/linux_freebsd
linux/gnu_linux/ос_linux
lotus_domino/domino
mac_os/macos/macos_x
macbook/macbook_pro
машинное_обучение/machine_learning/ml
maven,gradle/maven_gradle
mercurial/hg
микросервис/микросервисы/microservices/microservices_architecture/microservice_architecture/микросервисная_архитектура/микросервисной_архитектуры
microsoft/ms
middle,senior/middle_senior
middle/middle+
mobile_apps/mobile_applications
modx/cms_modx
mongodb/mongo/mongo_db
ms_dynamics/dynamics_ax
ms_dynamics/microsoft_dynamics
ms_excel/excel
ms_exchange/exchange/exchange_server/exchange_2010/exchange_2007/exchange_2003
ms_office/ms-office/msoffice/microsoft_office
ms_sql/mssql/ms-sql/ms_sql_server/ms_sql_server_2000
ms_visio/visio
multi-threading/multithreading
mvp,mvvm/mvp_mvvm
mysql,mariadb/mysql_mariadb
mysql,postgresql/mysql_postgresql
native_speaker/native_speakers
nginx,apache/nginx_apache
nginx,apache/nginx_apache/apache_nginx
nodejs/node_js
nosql/nosql_databases/no_sql/no-sql
objective-c,swift/objective-c_swift
objective-c/objective_c
ооп,оод/oop_ood
ооп/oop/object-oriented_programming
open_source/open-source/opensource
openshift/kubernetes_openshift
oracle_e-business/oebs
pascal/object_pascal
perl,python/perl_python
photoshop/adobe_photoshop
php,mysql/php+mysql
php,mysql/php_mysql
php/php7/php5/php4
pl-sql/plsql/pl_sql
pmi_pmbok/pmbok
postgresql/postgres/postgre/pgsql/postrgesql/postgressql/postresql/postgesql
power_bi/powerbi
power_point/powerpoint
pre-intermediate/pre_intermediate
python,ruby/python_ruby
python/python3
python/python_developer
qa/quality_assurance
react,angular/react_angular
react_native/reactnative
redhat/red_hat
удалённая_работа/remote_work/work_remotely/from_home
rest,soap/rest_soap
rest/rest_api/restful/restful_api/rest_apis/restful_apis/restfull
rest/restapi
revit/autodesk_revit
rs-485/rs485
rs232/rs-232
ruby,python|python_ruby
ruby_on_rails/ror
salesforce/sales_force
samba/smb
sap_r3/sap_r/r_3/sap_r_3
sass,less/sass_less/less_sass
sass,scss/sass_scss
scikit-learn/sklearn
scrum,kanban/scrum_kanban
scrum/scrum_master
scrum/scrum_methodology/scrum-методологии/scrum-методология
selenium/selenium_webdriver/webdriver
sencha_touch/sencha
service_desk/servicedesk
servlet/servlets
sharepoint/sharepoint_2010/sharepoint_designer/sharepoint_2007/sharepoint_portal
sick_leaves/sick_leave
siebel_crm/oracle_siebel
sketch,figma/sketch_figma/figma_sketch
soap,rest/soap_rest
solaris/sun_solaris
spa/single_page/single-page
spark/apache_spark
spring/spring_framework/spring_mvc
ssrs,ssis/ssrs_ssis
стартап/startup/start-up/startups
sun/sun_microsystems
svn,git/svn_git
svn/subversion
symfony/symfony2
team_lead/team_leader/teamlead/тимлида/тимлид
tcp,udp/tcp_udp
tcp-ip/tcp_ip
tdd,bdd/tdd_bdd
tdd/test-driven_development
tomcat/apache_tomcat
vbscript,jscript/vbscript_jscript
transact_sql/t_sql/transact-sql/t-sql
transact_sql/tsql
ui,ux/ui_ux/ux_ui
ui/user_interface
unity/unity3d/unity_3d
upper-intermediate/upper_intermediate
user_story/user_stories
visual_studio/visualstudio
вконтакте/vk/vkontakte
vmware_esxi/esxi
vmware_esxi/vmware_esx
vmware_vsphere/vsphere
vr,ar/vr_ar
vue/vuejs/vue_js
vue/vuex
websocket/websockets
wi-fi/wifi
win32_api/winapi
windows/oc_windows
windows_2003/win2003/windows_server_2003
windows_7/windows7/win7
windows_xp/win_xp/ms_windows_xp
windows_xp/winxp
wordpress/cms_wordpress
xbox/x-box
xml,json/xml_json
xml,xslt/xml_xslt/xml_xsl
xslt/xsl
yandex_metrika/yandex_metrica
yii/yii2/yii1
zend/zend_framework/zendframework
kafka,rabbitmq/kafka_rabbitmq
symfony,laravel/symfony_laravel
cyber_security/cybersecurity
разработчик/developer/programmer/developers/frontend_developer
разработка/development/software_development
опыт_работы/experience/work_experience/опыт/опыт_разработки/experience_in/experience_with/practical_experience/previous_experience
team/команда
гибкий_график/flexible_schedule/гибкий_график_работы/flexible_working_hours/гибкое_начало_рабочего_дня/flexible_working/flexible_hours/гибкий_рабочий_график
oop/ооп
технологии/технология/technology/technologies
планирование/planning
бэкэнд/backend/back-end/back_end/бэкенд
методологии_и_процесс_разработки/методология/methodologies/methodology
фреймворки/framework/фреймворок/фреймворка
поддержка/support
архитектура/architecture
разговорный_английский/spoken_english/разговорный_английский_язык
рефакторинг/refactoring
медицинская_страховка/medical_insurance/дмс/дмс_со_стоматологией/добровольное_медицинское_страхование/дмс_после_испытательного_срока/включает_стоматологию/со_стоматологией/медицинское_страхование/healthcare
баскетбол/backetball
волейбол/volleyball
библиотеки/библиотека/library/libraries
чай/tea/вкусные_чай
базы_данных/баз_данных/бд/sql/субд
сертификаты/сертификация
переезд/relocation/предоставляется_relocation/relocation_package/relocate/релокация/программа_релокации
data_structures/структуры_данных/структур_данных
автоматизированное_тестирование/автоматизированного_тестирования/автоматического_тестирования/автоматическое_тестирование/автотестирование/автоматизация_тестирования/автоматизированные_тесты
развёртывание_по_и_виртуализация/развёртывание
проектирование_по/проектировании_архитектуры/проектирование_архитектуры
печеньки/cookies/печенек
высшее_образование/high_education/образование_высшее/образование_высшее_техническое/высшее_техническое/высшее_техническое_образование/higher_education/высочайшее_образование/высшее_профильное_образование/оконченное_высшее
дорожная_карта/roadmap/дорожной_карты
аналитика/аналитик/analytics/analysis/бизнес-аналитик/бизнес-анализа/бизнес-анализ/бизнес-аналитика
дизайнер/designer
обратная_связь/feedback/обратной_связи/фидбэк
спринт/sprint/sprint_planning
беклог/backlog/бэклог/бэклога/беклога/sprint_backlog
комфортный_офис/comfortable_office/cozy_office
фитнес/fitness
декомпозиция/decomposition
корпоративные_мероприятия/корпоративные_праздники/parties/corporate_parties/corporate_events/social_events
навыки_презентации/presentation/presentation_skills/презентация
фрукты/fruits/фрукт
тестировщик/tester
коммуникативные_навыки/communication/good_communication/excellent_communication/communicate_effectively/written_communication/communication_skills/деловая_коммуникация/good_communication_skills/хорошие_коммуникативные_навыки
bachelor_degree/bachelor’s_degree
фасилитация/facilitation/facilitate/facilitating/фасилитировать/фасилитатор/фасилитационный
skrum/скрам/scrum-master/скрам-мастер/scrum-мастер/скрам-master/scrum-мастера/scrums/скрам_мастер/скрам-мастеров/скрам-мастерами/scrum-команде/scrum-команда/scrum-командами/скрам-команде/скрам-команда/скрам-командами
ретроспектива/retrospective/retrospectives
белая_зарплата/белая_заработная_плата/белую_заработную_плату
администратор/administrator/administration/администрирование
базы_данных,администратор/dba/database_administrator
резервное_копирование/backups/резервного_копирования/бекап/бэкап/backup/back-up/back-ups/backup_restore/резервне_копіювання
техническая_документация/technical_documentation
переводчик/translator
ms_word/word
студент/student
преподаватель/teacher/преподавать/преподавать_курс/учитель/преподавательский
нагрузочное_тестирование/нагрузочного_тестирования/нагрузочному_тестированию
регрессионное_тестирование/регрессионный/регрессионного_тестирования
ручное_тестирование/manual_testing/ручного_тестирования/manual_qa
функциональное_тестирование/функционального_тестирования/ручное_функциональное_тестирование
планы_тестирования/test_plans/план_тестирования/тестовые_сценарии/тест-кейсы/тест-планов/test_cases/тест-планы/сценариев_тестирования
интеграционное_тестирование/интеграционного_тестирования/интеграционные_тесты
багтрекинг/bug_tracking/bugtracking/багтрекер/баг-трекинговой_системе
высоконагруженный/highload
паттерны_проектирования/design_patterns/паттернов_проектирования/паттернами_проектирования/шаблонов_проектирования/шаблоны_проектирования/шаблонами_проектирования/паттерн
системы_контроля_версий/системами_контроля_версий/контроля_версий
тренер/trainer/тренерский
тренинг/training/trainer
наставник/наставничество
хакатон/hackathon
speak_english/english-speaking
английский_язык/english_language/технический_английский_язык/свободное_владение_английским_языком/владение_английским_языком/fluent_english/free_english/знание_английского_языка
сервер/server
поддержка/support/поддержка_пользователей
операционные_системы/ос/операционных_систем
информационная_безопасность/информационной_безопасности
linux/ос_linux
windows_xp/xp
site/сайт
adobe_acrobat/adobe_acrobat_pro
вёрстка/верстка_страниц/вёрстка_страниц/верстка/верстка_макетов/html-верстка/блочная_вёрстка/валидная_вёрстка
skype/скайп
html,css/html‚_css
грамотность/высокий_уровень_грамотности
постановка_задач/постановка_задач_программистам
sap/сапр
мониторинг/monitoring
деплой/deploy/разворачивание
оптимизация_производительности/performance_optimization/оптимизации_производительности/performance_tuning
кластер/cluster
виртуализация/virtualization
белая_зарплата/белая_заработная_плата/полностью_белая_заработная_плата
oracle_e-business/oracle_e-business_suite
яндекс/yandex
конкурентная_зарплата/конкурентная_заработная_плата/competitive_salary
обучение_иностранному_языку/курсы_английского_языка/изучение_английского_языка/обучение_английскому_языку/обучение_английскому
достойная_заработная_плата/достойный_уровень_заработной_платы/конкурентоспособная_заработная_плата/конкурентоспособная_зарплата/конкурентную_заработную_плату/конкурентную_зарплату/конкурентный_уровень_заработной_платы
тимбилдинг/team_buildings
компенсация_мобильной_связи/корпоративная_мобильная_связь/корпоративная_сотовая_связь
система_контроля_версий/систем_контроля_версий
деловая_переписка/письменная_речь
формализация/формализация_требований
контейнеризация/containerization
компьютерное_зрение/computer_vision
обработка_изображений/image_processing
системный_администратор/system_administrator
инженер/engineer
аналитик/analyst/business_analyst
менеджер/manager
проектный_менеджер/проектный_менеджмент/project_management
менеджер_по_продажам/sales_manager
проектная_документация/разработка_проектной_документации
анализ_данных/data_analysis
аналитические_способности/analytical_skills
официальное_трудоустройство/official_employment
спортивные_активности/sports_activities/sport_activities
дружеская_атмосфера/friendly_atmosphere
спортзал/gym
кухня/kitchen
душ/shower
open-space/open_space
стабильная_заработная_плата/stable_salary
веселье/fun
интересные_проекты/interesting_projects
страхование_жизни/life_insurance
письменный_английский/written_english
разговорный_английский/speak_english
полный_рабочий_день/full-time
интересные_проекты/challenging_projects
фриланс/freelance
командировки/business_trips
офис_в_центре/centrally_located

